ID,studentid,name
10765553-8fb5-4627-aa66-fa09f5e4b6d7,dentid-10765553,name-10765553
10765554-b095-41f7-a215-52965594db1e,dentid-10765554,name-10765554
10765555-c0b3-405f-9174-d5801f112543,dentid-10765555,name-10765555
10765556-f371-47d6-b610-162e1467d2d0,dentid-10765556,name-10765556
10765557-348e-4c1a-b75c-0cd67300d4b9,dentid-10765557,name-10765557
10765558-f0a6-4e5f-9a4c-6182c5ba9ba3,dentid-10765558,name-10765558
10765559-ec72-453a-a569-28c866baf24e,dentid-10765559,name-10765559
10765560-c3f8-4d2d-9017-0c608fe942e9,dentid-10765560,name-10765560
10765561-baef-40e4-b493-a7b30da0779a,dentid-10765561,name-10765561
10765562-d17d-4857-a8e4-5ca4df703b02,dentid-10765562,name-10765562
10765563-f18d-4777-806c-4f9cc42516d1,dentid-10765563,name-10765563
10765564-f650-4f88-b893-8b9db84685d0,dentid-10765564,name-10765564
10765565-6374-4360-8977-4b3e914a8f04,dentid-10765565,name-10765565
10765566-d02a-4183-be00-31e0ac322993,dentid-10765566,name-10765566
10765567-d4c5-4fb0-9835-f8e5decab543,dentid-10765567,name-10765567
10765568-bb49-4e58-abf7-9e689ecf5500,dentid-10765568,name-10765568
10765569-abf4-422b-9a13-6d00371dc18a,dentid-10765569,name-10765569
10765570-768f-4d38-9a87-f1c50ca13570,dentid-10765570,name-10765570
10765571-0a9a-4e3e-ad72-5a960651ec5f,dentid-10765571,name-10765571
10765572-be94-447b-bf63-b01f2bbc2932,dentid-10765572,name-10765572