ID,code,name,department_ID
29517489-498d-4d14-80a4-956bf7f663fa,e-29517489,name-29517489,12478465-7192-4e4f-b63f-bf0a4a9aa7c0
29517490-0f34-442f-898f-8c2c705e9bce,e-29517490,name-29517490,12478465-7192-4e4f-b63f-bf0a4a9aa7c0
29517491-3405-40ad-99c8-2f276c9ed1ea,e-29517491,name-29517491,12478465-7192-4e4f-b63f-bf0a4a9aa7c0
29517492-05e5-491d-9aa3-42faac839bf0,e-29517492,name-29517492,12478465-7192-4e4f-b63f-bf0a4a9aa7c0
29517493-e31f-42f9-a2d9-55d974d92641,e-29517493,name-29517493,12478465-7192-4e4f-b63f-bf0a4a9aa7c0
29517494-3add-49b8-9293-3fd955406dbc,e-29517494,name-29517494,12478465-7192-4e4f-b63f-bf0a4a9aa7c0
29517495-8019-42d5-9c98-7eef914b5d54,e-29517495,name-29517495,12478465-7192-4e4f-b63f-bf0a4a9aa7c0
29517496-4f93-475f-be0d-120cfd47c58d,e-29517496,name-29517496,12478465-7192-4e4f-b63f-bf0a4a9aa7c0
29517497-95b9-45dc-80d4-602264841bc2,e-29517497,name-29517497,12478465-7192-4e4f-b63f-bf0a4a9aa7c0
29517498-5526-43dc-846a-d04c08dcf68d,e-29517498,name-29517498,12478465-7192-4e4f-b63f-bf0a4a9aa7c0
29517499-2bb9-4936-92a5-190910188e89,e-29517499,name-29517499,12478465-7192-4e4f-b63f-bf0a4a9aa7c0
29517500-cc34-4813-80f4-ab6eed34772b,e-29517500,name-29517500,12478465-7192-4e4f-b63f-bf0a4a9aa7c0
29517501-1977-402f-9c8d-53c6aeb612c1,e-29517501,name-29517501,12478465-7192-4e4f-b63f-bf0a4a9aa7c0
29517502-72cb-4514-b221-a5e4f1208cb1,e-29517502,name-29517502,12478465-7192-4e4f-b63f-bf0a4a9aa7c0
29517503-b566-4dda-b2f9-5441a9c22c72,e-29517503,name-29517503,12478465-7192-4e4f-b63f-bf0a4a9aa7c0
29517504-f965-4559-83e6-ef940425741e,e-29517504,name-29517504,12478465-7192-4e4f-b63f-bf0a4a9aa7c0
29517505-0a71-486d-ae2a-7d24e556114e,e-29517505,name-29517505,12478465-7192-4e4f-b63f-bf0a4a9aa7c0
29517506-cbea-4fde-9fca-aa9acaa708f5,e-29517506,name-29517506,12478465-7192-4e4f-b63f-bf0a4a9aa7c0
29517507-7afd-47cd-9d35-2f89ec3b56cc,e-29517507,name-29517507,12478465-7192-4e4f-b63f-bf0a4a9aa7c0
29517508-3515-4a44-857d-7e04842c3b76,e-29517508,name-29517508,12478465-7192-4e4f-b63f-bf0a4a9aa7c0