ID,code,name
12478465-7192-4e4f-b63f-bf0a4a9aa7c0,e-12478465,name-12478465
24094215-0dd1-46c0-8349-423f4d3e39be,e-24094215,name-24094215
24094216-92a9-4dbf-8fb0-d38fe5223fbb,e-24094216,name-24094216
24094217-2262-4220-86fe-7902a8b66a25,e-24094217,name-24094217
24094218-e691-47ce-b645-6d3dbf38864c,e-24094218,name-24094218
24094219-f1b1-4c5e-8f12-78d19b2b5eaa,e-24094219,name-24094219
24094220-d06f-485a-be9c-5e0571e955a9,e-24094220,name-24094220
24094221-37bf-4a91-8712-dc6eda37c5f5,e-24094221,name-24094221
24094222-3531-4626-af19-7464e96318af,e-24094222,name-24094222
24094223-942b-495f-822e-dbc0acba672d,e-24094223,name-24094223
24094224-f3ef-4e63-9f46-ac9e63071f0f,e-24094224,name-24094224
24094225-55d5-4e81-9016-d326038ff6e1,e-24094225,name-24094225
24094226-ec53-43b1-b4b6-6479106ea353,e-24094226,name-24094226
24094227-a21d-4df0-b362-f1d898fb8312,e-24094227,name-24094227
24094228-f823-4d3f-9e90-f7364459185f,e-24094228,name-24094228
24094229-3896-43d4-9ae4-dc8178159853,e-24094229,name-24094229
24094230-bf4f-4ee1-bc18-f04a9a8cec76,e-24094230,name-24094230
24094231-84c1-416c-9b82-920b75f22d25,e-24094231,name-24094231
24094232-589c-45d3-8d11-8cd3b6bbff76,e-24094232,name-24094232
24094233-2086-40ea-8293-bfb6cf9526a1,e-24094233,name-24094233